learning_rate,epoch,training_loss,training_error,test_loss,test_error
0.100000,1,0.109874,17.542175,0.112444,17.588440
0.100000,2,0.102133,16.348923,0.102840,16.691580
0.100000,3,0.077686,12.083390,0.080141,12.356751
0.100000,4,0.089061,14.099575,0.091852,14.499252
0.100000,5,0.082368,12.728021,0.082442,12.805182
0.100000,6,0.103755,16.499794,0.112992,18.036871
0.100000,7,0.090265,13.811548,0.094268,15.296462
0.100000,8,0.093171,14.620766,0.096499,15.645242
0.100000,9,0.091797,14.113291,0.096156,14.947683
0.100000,10,0.076741,11.685639,0.084627,13.851520
0.100000,11,0.085819,13.235496,0.096350,14.997509
0.100000,12,0.081798,12.632012,0.085440,12.954659
0.100000,13,0.098325,14.552188,0.103811,15.595416
0.100000,14,0.098456,15.183103,0.094579,14.947683
0.100000,15,0.085957,13.221780,0.092523,14.449427
0.100000,16,0.087855,13.358935,0.092310,14.698555
0.100000,17,0.084198,12.618297,0.091817,13.901345
0.100000,18,0.073722,10.890139,0.080233,12.655705
0.100000,19,0.071986,10.574681,0.074458,10.961635
0.100000,20,0.070321,10.876423,0.076478,11.310413
0.100000,21,0.079915,12.042244,0.088391,13.751868
0.100000,22,0.078573,11.781649,0.085050,12.755356
0.100000,23,0.074135,11.137018,0.083247,12.605880
0.100000,24,0.083168,12.289124,0.086633,13.054310
0.100000,25,0.082623,12.330270,0.085967,12.207274
0.100000,26,0.069256,10.396379,0.076521,11.659193
0.100000,27,0.068664,10.423810,0.073776,11.559542
0.100000,28,0.076137,11.260458,0.082008,13.004484
0.100000,29,0.075412,11.685639,0.079623,12.356751
0.100000,30,0.078549,12.179399,0.079596,11.958146
0.100000,31,0.071209,10.588397,0.074111,11.310413
0.100000,32,0.068152,10.506104,0.081600,12.954659
0.100000,33,0.075001,11.260458,0.078615,11.509716
0.100000,34,0.081638,12.536003,0.089476,13.253613
0.100000,35,0.077580,11.905088,0.082762,12.257100
0.100000,36,0.081187,12.357701,0.091167,14.000997
0.100000,37,0.105702,15.910026,0.113961,17.488789
0.100000,38,0.098237,14.456179,0.103368,15.246636
0.100000,39,0.080158,12.014812,0.089460,13.602391
0.100000,40,0.077510,11.438760,0.088242,13.801694
0.100000,41,0.077670,11.603347,0.090205,13.353264
0.100000,42,0.082166,12.261692,0.094612,14.399601
0.100000,43,0.088872,13.537238,0.094132,14.499252
0.100000,44,0.092829,14.017282,0.097541,14.449427
0.100000,45,0.099187,15.032231,0.103882,15.146986
0.100000,46,0.101354,15.292827,0.109655,16.641754
0.100000,47,0.111206,16.952408,0.121811,19.182859
0.100000,48,0.092959,14.291593,0.098721,15.346288
0.100000,49,0.086828,13.057194,0.095236,14.250125
0.100000,50,0.091111,13.194349,0.092781,14.100648
0.100000,51,0.081722,12.001098,0.092857,13.253613
0.100000,52,0.086925,13.098340,0.087940,13.452915
0.100000,53,0.084343,12.426279,0.091123,13.851520
0.100000,54,0.079823,11.699355,0.088834,13.552566
0.100000,55,0.085990,12.865176,0.092472,13.851520
0.100000,56,0.080371,11.973666,0.091298,13.901345
0.100000,57,0.097391,14.264161,0.111192,16.591928
0.100000,58,0.075372,11.589631,0.084403,12.705530
0.100000,59,0.080880,11.987382,0.091308,13.751868
0.100000,60,0.082805,12.371417,0.087948,13.353264
0.100000,61,0.086969,13.016047,0.095293,14.200299
0.100000,62,0.089416,13.153203,0.099793,14.748381
0.100000,63,0.110556,16.664381,0.119579,17.538614
0.100000,64,0.088993,13.276643,0.104050,15.744893
0.100000,65,0.088890,13.523522,0.095320,14.349775
0.100000,66,0.095002,14.360170,0.102812,16.093672
0.100000,67,0.105530,15.814017,0.119763,18.435476
0.100000,68,0.091401,13.482375,0.094229,14.000997
0.100000,69,0.090368,13.688108,0.106147,15.844544
0.100000,70,0.089282,13.701824,0.099481,14.798206
0.100000,71,0.083818,12.289124,0.090326,13.652217
0.100000,72,0.084120,12.577150,0.094011,13.702043
0.100000,73,0.076039,11.219312,0.084608,12.755356
0.100000,74,0.085932,12.837745,0.092082,13.702043
0.100000,75,0.082358,11.932520,0.090244,12.805182
0.100000,76,0.093152,14.497326,0.104810,15.794719
0.100000,77,0.079521,11.205596,0.087332,12.755356
0.100000,78,0.081472,11.754217,0.088169,12.306926
0.100000,79,0.078937,11.740502,0.087378,13.353264
0.100000,80,0.083682,12.275408,0.088041,13.552566
0.100000,81,0.081877,12.151968,0.089244,13.054310
0.100000,82,0.080379,12.165684,0.087670,12.855007
0.100000,83,0.080318,11.877657,0.089729,13.054310
0.100000,84,0.073985,10.766699,0.080910,11.659193
0.100000,85,0.074659,10.945001,0.084450,12.306926
0.100000,86,0.075221,10.999863,0.080386,11.758844
0.100000,87,0.071326,10.437526,0.082386,12.257100
0.100000,88,0.075837,11.301604,0.082246,11.958146
0.100000,89,0.076713,11.466191,0.084513,12.107623
0.100000,90,0.069592,10.327802,0.075571,10.961635
0.100000,91,0.078522,11.767933,0.083271,13.303438
0.100000,92,0.076535,11.370182,0.081705,12.057797
0.100000,93,0.084683,12.097106,0.092035,13.104136
0.100000,94,0.080904,11.932520,0.088631,12.805182
0.100000,95,0.090446,13.688108,0.097841,14.598904
0.100000,96,0.084950,12.481141,0.091133,13.303438
0.100000,97,0.083252,12.124537,0.092743,13.602391
0.100000,98,0.087707,12.782883,0.092858,13.901345
0.100000,99,0.095571,13.934988,0.098951,13.602391
0.100000,100,0.107912,15.814017,0.115533,17.389137
0.050000,1,0.115662,19.709230,0.117683,20.328850
0.050000,2,0.066010,10.533534,0.069077,11.210762
0.050000,3,0.062702,10.039775,0.070312,11.459890
0.050000,4,0.062432,9.738033,0.063882,10.413552
0.050000,5,0.053331,8.147031,0.056463,8.669656
0.050000,6,0.055748,8.777946,0.062805,9.815645
0.050000,7,0.058732,9.120834,0.067789,11.011460
0.050000,8,0.042798,6.364010,0.050768,8.171400
0.050000,9,0.042236,6.405157,0.053930,8.221226
0.050000,10,0.049366,7.529831,0.056771,8.918784
0.050000,11,0.038854,5.664518,0.048094,7.424016
0.050000,12,0.041160,6.309148,0.052717,8.619830
0.050000,13,0.038564,5.829104,0.049731,7.922272
0.050000,14,0.038922,5.870251,0.050104,7.573493
0.050000,15,0.033582,5.033603,0.047455,7.324365
0.050000,16,0.040419,5.897682,0.045795,6.676632
0.050000,17,0.046977,7.104650,0.055346,8.420528
0.050000,18,0.045297,6.871485,0.059821,9.317389
0.050000,19,0.038278,5.445069,0.049061,7.573493
0.050000,20,0.040383,6.007406,0.053088,8.071749
0.050000,21,0.047970,7.200658,0.058777,8.868958
0.050000,22,0.034333,4.965025,0.046912,7.274539
0.050000,23,0.030697,4.539844,0.043626,6.527155
0.050000,24,0.046082,7.022357,0.054129,8.420528
0.050000,25,0.032149,4.773008,0.044382,6.776283
0.050000,26,0.032722,4.869017,0.045074,6.776283
0.050000,27,0.035510,5.088465,0.049343,7.523667
0.050000,28,0.035279,5.595940,0.050127,7.573493
0.050000,29,0.053223,7.776711,0.063210,9.566517
0.050000,30,0.032949,4.759292,0.047778,6.875934
0.050000,31,0.031747,4.690714,0.047448,7.274539
0.050000,32,0.051915,7.762995,0.057244,8.968610
0.050000,33,0.047501,7.022357,0.060471,9.018435
0.050000,34,0.031863,4.635852,0.045338,7.125062
0.050000,35,0.032605,4.759292,0.051401,7.922272
0.050000,36,0.031339,4.622137,0.046019,6.676632
0.050000,37,0.038130,5.691949,0.056968,9.167912
0.050000,38,0.035224,5.294199,0.049126,7.573493
0.050000,39,0.037647,5.513647,0.049857,7.922272
0.050000,40,0.038097,5.678234,0.055012,8.719481
0.050000,41,0.037079,5.527362,0.053707,8.121574
0.050000,42,0.034522,5.362776,0.046679,7.224713
0.050000,43,0.037619,5.815389,0.049406,7.374190
0.050000,44,0.042693,6.322864,0.055891,8.470354
0.050000,45,0.039003,5.911397,0.056273,8.470354
0.050000,46,0.039517,6.089700,0.055319,9.217738
0.050000,47,0.036779,5.554793,0.049859,7.822621
0.050000,48,0.048044,6.967494,0.058748,8.819133
0.050000,49,0.044173,6.816623,0.056578,8.819133
0.050000,50,0.037204,5.691949,0.052932,7.922272
0.050000,51,0.037286,5.554793,0.050273,7.573493
0.050000,52,0.040298,5.911397,0.054851,8.320877
0.050000,53,0.038077,5.458785,0.055575,8.470354
0.050000,54,0.039535,6.075984,0.055086,8.221226
0.050000,55,0.046231,6.652037,0.058790,9.267564
0.050000,56,0.040390,6.103415,0.053842,7.922272
0.050000,57,0.036662,5.431354,0.055652,8.819133
0.050000,58,0.034375,5.006172,0.048637,7.224713
0.050000,59,0.035393,5.225621,0.053166,7.722970
0.050000,60,0.036044,5.321630,0.050557,7.374190
0.050000,61,0.037767,5.527362,0.052086,7.772795
0.050000,62,0.040931,6.213140,0.055401,8.370703
0.050000,63,0.040463,6.322864,0.055403,8.619830
0.050000,64,0.037312,5.499931,0.052115,7.473842
0.050000,65,0.040813,6.062269,0.052976,8.320877
0.050000,66,0.038047,5.568509,0.054463,8.570005
0.050000,67,0.032056,4.759292,0.051644,8.071749
0.050000,68,0.047303,7.008641,0.063621,9.566517
0.050000,69,0.033345,4.965025,0.049953,7.523667
0.050000,70,0.040474,5.870251,0.055498,8.121574
0.050000,71,0.036462,5.376492,0.054390,8.121574
0.050000,72,0.042632,6.213140,0.057627,9.068261
0.050000,73,0.034651,4.910163,0.052955,7.623318
0.050000,74,0.035915,5.225621,0.053671,7.822621
0.050000,75,0.036991,5.458785,0.055291,8.520180
0.050000,76,0.042775,6.158278,0.056390,8.221226
0.050000,77,0.035153,5.102181,0.055950,8.520180
0.050000,78,0.037254,5.445069,0.056720,8.719481
0.050000,79,0.032211,4.718146,0.053894,8.171400
0.050000,80,0.037478,5.554793,0.054814,8.669656
0.050000,81,0.042517,6.528597,0.059272,9.118087
0.050000,82,0.039774,6.048553,0.060112,9.367215
0.050000,83,0.045619,6.652037,0.064142,9.566517
0.050000,84,0.039871,5.883966,0.053667,7.872447
0.050000,85,0.044528,6.514881,0.057412,8.570005
0.050000,86,0.039834,6.007406,0.057533,8.868958
0.050000,87,0.032829,4.923879,0.048269,7.125062
0.050000,88,0.036482,5.321630,0.053023,8.121574
0.050000,89,0.037596,5.513647,0.050357,8.121574
0.050000,90,0.038673,5.691949,0.054348,8.470354
0.050000,91,0.035214,5.321630,0.049978,7.324365
0.050000,92,0.034512,4.965025,0.051787,7.573493
0.050000,93,0.047369,6.981210,0.065209,10.313901
0.050000,94,0.051699,7.516116,0.066646,9.965122
0.050000,95,0.034675,5.019887,0.051391,8.420528
0.050000,96,0.034748,5.225621,0.055222,8.271051
0.050000,97,0.034693,5.431354,0.051862,8.470354
0.050000,98,0.034479,5.061034,0.053550,8.420528
0.050000,99,0.041115,6.062269,0.059131,9.367215
0.050000,100,0.039166,5.979975,0.051208,7.772795
0.025000,1,0.332849,79.262100,0.335576,80.468361
0.025000,2,0.085265,13.235496,0.089426,14.299951
0.025000,3,0.058798,9.271705,0.065911,10.812158
0.025000,4,0.047833,7.173227,0.053520,8.271051
0.025000,5,0.042801,6.624606,0.050472,7.374190
0.025000,6,0.046557,7.420107,0.054225,8.520180
0.025000,7,0.039392,5.829104,0.048721,7.274539
0.025000,8,0.032400,4.841586,0.044383,6.925760
0.025000,9,0.029102,4.402688,0.041965,6.527155
0.025000,10,0.027746,3.963791,0.042381,6.626806
0.025000,11,0.025397,3.662049,0.039774,6.726458
0.025000,12,0.022909,3.319161,0.040886,6.327853
0.025000,13,0.023961,3.456316,0.040125,6.327853
0.025000,14,0.021511,2.811686,0.040575,6.327853
0.025000,15,0.025466,3.607187,0.039674,6.178376
0.025000,16,0.016988,2.359073,0.037901,6.028899
0.025000,17,0.019033,2.619668,0.039994,5.929248
0.025000,18,0.018752,2.674530,0.037347,5.879422
0.025000,19,0.017872,2.496228,0.037909,5.929248
0.025000,20,0.017866,2.427650,0.039446,6.178376
0.025000,21,0.018825,2.701961,0.040914,6.327853
0.025000,22,0.017132,2.276780,0.037923,5.779771
0.025000,23,0.017717,2.427650,0.039307,6.128550
0.025000,24,0.014025,1.947607,0.037257,5.979073
0.025000,25,0.017155,2.455082,0.038477,5.530643
0.025000,26,0.015732,2.084762,0.037784,5.680120
0.025000,27,0.016049,2.084762,0.038057,5.580468
0.025000,28,0.013171,1.906460,0.037867,6.028899
0.025000,29,0.014473,2.002469,0.036544,5.729945
0.025000,30,0.016897,2.455082,0.040458,6.178376
0.025000,31,0.014429,2.112193,0.038009,5.929248
0.025000,32,0.012916,1.810451,0.037896,5.929248
0.025000,33,0.012062,1.618434,0.035398,5.680120
0.025000,34,0.012795,1.687011,0.039527,6.377678
0.025000,35,0.010212,1.330407,0.036076,5.630294
0.025000,36,0.012233,1.824167,0.038268,6.028899
0.025000,37,0.011011,1.563572,0.037656,5.729945
0.025000,38,0.012712,1.783020,0.038274,5.630294
0.025000,39,0.016019,2.167055,0.042626,6.527155
0.025000,40,0.013610,1.783020,0.040628,6.128550
0.025000,41,0.011522,1.591003,0.040009,6.078724
0.025000,42,0.008773,1.165821,0.037993,5.630294
0.025000,43,0.007979,1.138390,0.037787,6.128550
0.025000,44,0.008060,1.097243,0.037090,5.580468
0.025000,45,0.010428,1.412701,0.038284,5.779771
0.025000,46,0.008032,1.097243,0.036112,5.430992
0.025000,47,0.008374,1.138390,0.037753,5.680120
0.025000,48,0.007751,1.110959,0.038069,6.028899
0.025000,49,0.010403,1.508709,0.039782,5.979073
0.025000,50,0.008156,1.206967,0.038741,5.530643
0.025000,51,0.006478,0.905226,0.037055,5.729945
0.025000,52,0.008485,1.138390,0.039732,5.979073
0.025000,53,0.008555,1.124674,0.040017,6.178376
0.025000,54,0.007007,1.028665,0.037222,5.779771
0.025000,55,0.005816,0.809217,0.039188,6.128550
0.025000,56,0.004670,0.726924,0.037638,5.829597
0.025000,57,0.004686,0.726924,0.037849,5.680120
0.025000,58,0.005185,0.768070,0.039144,5.879422
0.025000,59,0.004304,0.713208,0.038060,5.729945
0.025000,60,0.004934,0.699493,0.038239,5.929248
0.025000,61,0.004188,0.658346,0.036448,5.331340
0.025000,62,0.003942,0.658346,0.037714,5.829597
0.025000,63,0.003517,0.644630,0.037212,5.630294
0.025000,64,0.003397,0.644630,0.038010,5.680120
0.025000,65,0.003235,0.644630,0.036812,5.630294
0.025000,66,0.003177,0.630915,0.036452,5.779771
0.025000,67,0.003133,0.630915,0.036294,5.680120
0.025000,68,0.003099,0.630915,0.036240,5.630294
0.025000,69,0.003068,0.617199,0.036245,5.630294
0.025000,70,0.003032,0.617199,0.036234,5.580468
0.025000,71,0.002984,0.603484,0.036275,5.630294
0.025000,72,0.002937,0.603484,0.036425,5.630294
0.025000,73,0.002953,0.576053,0.036744,5.680120
0.025000,74,0.002869,0.576053,0.036378,5.680120
0.025000,75,0.002840,0.576053,0.036310,5.779771
0.025000,76,0.002820,0.562337,0.036306,5.779771
0.025000,77,0.002804,0.562337,0.036305,5.729945
0.025000,78,0.002791,0.562337,0.036270,5.729945
0.025000,79,0.002775,0.562337,0.036244,5.729945
0.025000,80,0.002752,0.562337,0.036234,5.580468
0.025000,81,0.002741,0.562337,0.036307,5.580468
0.025000,82,0.002727,0.562337,0.036412,5.580468
0.025000,83,0.002712,0.562337,0.036343,5.630294
0.025000,84,0.002703,0.548622,0.036315,5.680120
0.025000,85,0.002696,0.548622,0.036288,5.580468
0.025000,86,0.002689,0.548622,0.036262,5.580468
0.025000,87,0.002682,0.548622,0.036238,5.580468
0.025000,88,0.002676,0.548622,0.036213,5.580468
0.025000,89,0.002670,0.548622,0.036188,5.530643
0.025000,90,0.002664,0.548622,0.036163,5.530643
0.025000,91,0.002657,0.534906,0.036138,5.480817
0.025000,92,0.002648,0.534906,0.036115,5.430992
0.025000,93,0.002636,0.534906,0.036102,5.430992
0.025000,94,0.002619,0.534906,0.036117,5.430992
0.025000,95,0.002604,0.534906,0.036153,5.381166
0.025000,96,0.002592,0.534906,0.036153,5.231689
0.025000,97,0.002584,0.534906,0.036120,5.231689
0.025000,98,0.002576,0.534906,0.036077,5.181863
0.025000,99,0.002569,0.521191,0.036027,5.181863
0.025000,100,0.002561,0.521191,0.035968,5.231689
0.012500,1,0.360300,88.588669,0.360978,89.088188
0.012500,2,0.327003,75.257164,0.330071,76.581963
0.012500,3,0.123699,18.186806,0.125863,19.332336
0.012500,4,0.072956,10.684405,0.076028,11.459890
0.012500,5,0.056562,8.311617,0.060451,9.217738
0.012500,6,0.048813,7.228089,0.053825,8.320877
0.012500,7,0.044241,6.446304,0.050482,7.922272
0.012500,8,0.040828,5.856535,0.048336,7.772795
0.012500,9,0.038631,5.691949,0.047030,7.224713
0.012500,10,0.036806,5.554793,0.045845,7.075237
0.012500,11,0.035190,5.170758,0.044864,6.776283
0.012500,12,0.033335,4.937594,0.044009,6.776283
0.012500,13,0.031363,4.718146,0.042940,6.576981
0.012500,14,0.029652,4.347826,0.041301,6.278027
0.012500,15,0.027746,4.046084,0.040219,6.128550
0.012500,16,0.027299,3.991222,0.040115,6.377678
0.012500,17,0.025838,3.552325,0.039741,6.576981
0.012500,18,0.024259,3.470031,0.038825,6.278027
0.012500,19,0.022775,3.195721,0.038979,6.078724
0.012500,20,0.021412,2.948841,0.037566,5.829597
0.012500,21,0.021041,2.989988,0.037660,5.929248
0.012500,22,0.020540,2.907694,0.036935,5.630294
0.012500,23,0.020669,2.825401,0.036485,5.331340
0.012500,24,0.018960,2.660815,0.035183,5.630294
0.012500,25,0.017329,2.304211,0.035280,5.181863
0.012500,26,0.016779,2.194486,0.035507,5.381166
0.012500,27,0.017345,2.331642,0.036577,5.480817
0.012500,28,0.016313,2.208202,0.036250,5.580468
0.012500,29,0.015938,2.016184,0.036277,5.430992
0.012500,30,0.015927,2.016184,0.036643,5.580468
0.012500,31,0.016503,2.221917,0.036792,5.430992
0.012500,32,0.017029,2.290495,0.037127,5.480817
0.012500,33,0.014517,1.906460,0.035303,5.381166
0.012500,34,0.014905,2.016184,0.035921,5.281515
0.012500,35,0.013899,1.783020,0.035595,4.982561
0.012500,36,0.012918,1.700727,0.035716,5.132038
0.012500,37,0.011928,1.618434,0.034667,5.132038
0.012500,38,0.011671,1.549856,0.035160,5.132038
0.012500,39,0.011262,1.591003,0.034638,5.032387
0.012500,40,0.011083,1.494994,0.035630,5.032387
0.012500,41,0.010621,1.481278,0.035411,5.082212
0.012500,42,0.010516,1.412701,0.035337,5.381166
0.012500,43,0.009884,1.344123,0.035196,5.331340
0.012500,44,0.009498,1.261830,0.035079,5.331340
0.012500,45,0.009213,1.289261,0.034922,5.231689
0.012500,46,0.009071,1.289261,0.035154,5.480817
0.012500,47,0.008795,1.261830,0.035103,5.331340
0.012500,48,0.008633,1.206967,0.035051,5.381166
0.012500,49,0.008382,1.193252,0.034997,5.331340
0.012500,50,0.008297,1.193252,0.035111,5.381166
0.012500,51,0.008093,1.152105,0.035138,5.381166
0.012500,52,0.007986,1.124674,0.035214,5.381166
0.012500,53,0.007815,1.124674,0.035261,5.331340
0.012500,54,0.007605,1.110959,0.035298,5.331340
0.012500,55,0.007426,1.097243,0.035381,5.381166
0.012500,56,0.007243,1.110959,0.035467,5.381166
0.012500,57,0.007079,1.069812,0.035505,5.430992
0.012500,58,0.006946,1.056097,0.035506,5.381166
0.012500,59,0.006821,1.028665,0.035494,5.430992
0.012500,60,0.006724,1.028665,0.035486,5.381166
0.012500,61,0.006610,1.028665,0.035471,5.381166
0.012500,62,0.006498,1.028665,0.035454,5.381166
0.012500,63,0.006400,1.028665,0.035430,5.331340
0.012500,64,0.006302,1.014950,0.035402,5.231689
0.012500,65,0.006201,0.987519,0.035378,5.231689
0.012500,66,0.006098,0.973803,0.035361,5.331340
0.012500,67,0.005979,0.973803,0.035295,5.331340
0.012500,68,0.005872,0.973803,0.035240,5.331340
0.012500,69,0.005782,0.973803,0.035147,5.331340
0.012500,70,0.005704,0.960088,0.035101,5.231689
0.012500,71,0.005637,0.960088,0.035080,5.231689
0.012500,72,0.005567,0.946372,0.035075,5.132038
0.012500,73,0.005493,0.932657,0.035083,5.132038
0.012500,74,0.005431,0.932657,0.035093,5.082212
0.012500,75,0.005383,0.905226,0.035132,5.231689
0.012500,76,0.005278,0.905226,0.035067,5.132038
0.012500,77,0.005210,0.891510,0.034971,5.132038
0.012500,78,0.005158,0.891510,0.034891,5.231689
0.012500,79,0.005141,0.891510,0.034871,5.281515
0.012500,80,0.005087,0.891510,0.034928,5.381166
0.012500,81,0.005075,0.891510,0.035183,5.381166
0.012500,82,0.004943,0.891510,0.034724,5.281515
0.012500,83,0.004805,0.877795,0.034613,5.281515
0.012500,84,0.004743,0.877795,0.034550,5.181863
0.012500,85,0.004712,0.877795,0.034520,5.231689
0.012500,86,0.004656,0.877795,0.034535,5.132038
0.012500,87,0.004590,0.877795,0.034496,5.231689
0.012500,88,0.004543,0.877795,0.034469,5.132038
0.012500,89,0.004505,0.877795,0.034452,5.181863
0.012500,90,0.004462,0.864079,0.034435,5.181863
0.012500,91,0.004422,0.864079,0.034415,5.181863
0.012500,92,0.004385,0.864079,0.034401,5.181863
0.012500,93,0.004350,0.864079,0.034393,5.181863
0.012500,94,0.004315,0.864079,0.034391,5.132038
0.012500,95,0.004282,0.864079,0.034397,5.181863
0.012500,96,0.004255,0.850363,0.034404,5.231689
0.012500,97,0.004224,0.850363,0.034393,5.181863
0.012500,98,0.004196,0.850363,0.034374,5.181863
0.012500,99,0.004174,0.850363,0.034349,5.132038
0.012500,100,0.004153,0.850363,0.034321,5.132038
0.006250,1,0.360210,88.588669,0.360797,89.088188
0.006250,2,0.359932,88.588669,0.360532,89.088188
0.006250,3,0.357099,87.889175,0.357909,88.440460
0.006250,4,0.325712,74.612534,0.328444,76.283012
0.006250,5,0.199140,31.436016,0.202001,31.091181
0.006250,6,0.113928,15.978603,0.115624,15.894370
0.006250,7,0.081763,11.356467,0.083061,11.958146
0.006250,8,0.066016,9.299136,0.068118,9.915297
0.006250,9,0.056299,7.790427,0.059761,8.819133
0.006250,10,0.049914,6.761761,0.054659,8.121574
0.006250,11,0.045420,6.062269,0.051313,7.822621
0.006250,12,0.041884,5.541078,0.048810,7.374190
0.006250,13,0.038868,5.225621,0.046748,7.224713
0.006250,14,0.036202,4.896448,0.044998,6.925760
0.006250,15,0.033803,4.580990,0.043515,6.676632
0.006250,16,0.031733,4.183239,0.042227,6.377678
0.006250,17,0.030031,4.018653,0.041193,5.979073
0.006250,18,0.028630,3.716911,0.040420,5.979073
0.006250,19,0.027425,3.648334,0.039834,5.829597
0.006250,20,0.026361,3.524894,0.039390,6.028899
0.006250,21,0.025394,3.442600,0.039034,5.979073
0.006250,22,0.024492,3.305445,0.038692,5.929248
0.006250,23,0.023646,3.195721,0.038324,5.779771
0.006250,24,0.022857,3.072281,0.037924,5.829597
0.006250,25,0.022138,2.880263,0.037534,5.829597
0.006250,26,0.021490,2.811686,0.037187,5.979073
0.006250,27,0.020902,2.729392,0.036879,5.979073
0.006250,28,0.020352,2.729392,0.036570,5.929248
0.006250,29,0.019825,2.688246,0.036251,5.729945
0.006250,30,0.019313,2.605953,0.035941,5.729945
0.006250,31,0.018823,2.537375,0.035665,5.729945
0.006250,32,0.018361,2.400219,0.035439,5.729945
0.006250,33,0.017931,2.263064,0.035257,5.729945
0.006250,34,0.017524,2.208202,0.035110,5.630294
0.006250,35,0.017122,2.153340,0.034986,5.680120
0.006250,36,0.016714,2.139624,0.034868,5.680120
0.006250,37,0.016310,2.071047,0.034743,5.630294
0.006250,38,0.015921,2.043615,0.034608,5.530643
0.006250,39,0.015525,1.947607,0.034454,5.430992
0.006250,40,0.015116,1.933891,0.034279,5.430992
0.006250,41,0.014714,1.906460,0.034117,5.231689
0.006250,42,0.014316,1.837882,0.033971,5.331340
0.006250,43,0.013925,1.824167,0.033831,5.331340
0.006250,44,0.013549,1.769305,0.033703,5.430992
0.006250,45,0.013194,1.687011,0.033608,5.580468
0.006250,46,0.012857,1.700727,0.033545,5.480817
0.006250,47,0.012528,1.632149,0.033490,5.480817
0.006250,48,0.012202,1.604718,0.033427,5.530643
0.006250,49,0.011902,1.577287,0.033367,5.580468
0.006250,50,0.011634,1.549856,0.033311,5.630294
0.006250,51,0.011400,1.508709,0.033251,5.630294
0.006250,52,0.011203,1.481278,0.033188,5.480817
0.006250,53,0.011034,1.467563,0.033134,5.480817
0.006250,54,0.010874,1.426416,0.033093,5.381166
0.006250,55,0.010712,1.412701,0.033066,5.331340
0.006250,56,0.010547,1.385270,0.033050,5.430992
0.006250,57,0.010375,1.371554,0.033038,5.331340
0.006250,58,0.010194,1.344123,0.033019,5.381166
0.006250,59,0.010006,1.302976,0.032991,5.331340
0.006250,60,0.009814,1.275545,0.032954,5.381166
0.006250,61,0.009620,1.248114,0.032909,5.381166
0.006250,62,0.009428,1.220683,0.032861,5.281515
0.006250,63,0.009239,1.179536,0.032817,5.181863
0.006250,64,0.009053,1.179536,0.032779,5.231689
0.006250,65,0.008872,1.165821,0.032747,5.281515
0.006250,66,0.008699,1.152105,0.032711,5.231689
0.006250,67,0.008535,1.165821,0.032650,5.281515
0.006250,68,0.008386,1.124674,0.032572,5.281515
0.006250,69,0.008255,1.124674,0.032534,5.231689
0.006250,70,0.008138,1.124674,0.032506,5.231689
0.006250,71,0.008028,1.124674,0.032445,5.082212
0.006250,72,0.007924,1.097243,0.032374,5.082212
0.006250,73,0.007818,1.083528,0.032311,4.932735
0.006250,74,0.007707,1.069812,0.032260,4.932735
0.006250,75,0.007595,1.056097,0.032226,4.882910
0.006250,76,0.007484,1.042381,0.032207,4.882910
0.006250,77,0.007377,1.042381,0.032193,4.833084
0.006250,78,0.007271,1.042381,0.032176,4.882910
0.006250,79,0.007177,1.028665,0.032156,4.882910
0.006250,80,0.007093,1.001234,0.032184,4.882910
0.006250,81,0.006992,1.001234,0.032248,4.833084
0.006250,82,0.006889,0.973803,0.032272,4.833084
0.006250,83,0.006795,0.973803,0.032303,4.882910
0.006250,84,0.006707,0.973803,0.032334,4.932735
0.006250,85,0.006625,0.960088,0.032367,4.932735
0.006250,86,0.006550,0.960088,0.032403,4.982561
0.006250,87,0.006481,0.973803,0.032443,4.982561
0.006250,88,0.006417,0.973803,0.032490,5.032387
0.006250,89,0.006354,0.960088,0.032541,5.032387
0.006250,90,0.006288,0.946372,0.032593,5.181863
0.006250,91,0.006219,0.946372,0.032643,5.181863
0.006250,92,0.006150,0.946372,0.032692,5.181863
0.006250,93,0.006084,0.932657,0.032742,5.231689
0.006250,94,0.006021,0.905226,0.032802,5.231689
0.006250,95,0.005963,0.891510,0.032878,5.281515
0.006250,96,0.005908,0.891510,0.032962,5.281515
0.006250,97,0.005848,0.877795,0.033009,5.331340
0.006250,98,0.005775,0.877795,0.033014,5.331340
0.006250,99,0.005708,0.877795,0.033014,5.381166
0.006250,100,0.005655,0.864079,0.033020,5.331340
0.003125,1,0.360028,88.588669,0.360522,89.088188
0.003125,2,0.359968,88.588669,0.360461,89.088188
0.003125,3,0.359872,88.588669,0.360370,89.088188
0.003125,4,0.359679,88.588669,0.360188,89.088188
0.003125,5,0.359127,88.588669,0.359672,89.088188
0.003125,6,0.356269,86.695923,0.357015,87.892380
0.003125,7,0.337248,80.016457,0.339367,81.215744
0.003125,8,0.324226,74.242218,0.326933,75.834579
0.003125,9,0.276418,56.110271,0.278898,57.100151
0.003125,10,0.200059,30.558222,0.202934,30.891878
0.003125,11,0.147545,20.312714,0.149888,20.279024
0.003125,12,0.112689,15.196818,0.114087,15.545590
0.003125,13,0.092037,12.385133,0.092888,12.356751
0.003125,14,0.078930,10.931285,0.079785,10.612855
0.003125,15,0.069776,9.957481,0.071036,9.666168
0.003125,16,0.063003,8.736799,0.064854,8.968610
0.003125,17,0.057808,7.927582,0.060279,8.669656
0.003125,18,0.053626,7.241805,0.056700,7.722970
0.003125,19,0.050113,6.638321,0.053791,7.573493
0.003125,20,0.047104,6.226855,0.051393,7.075237
0.003125,21,0.044500,5.897682,0.049387,6.925760
0.003125,22,0.042230,5.527362,0.047690,6.826108
0.003125,23,0.040233,5.170758,0.046238,6.527155
0.003125,24,0.038449,4.923879,0.044979,6.527155
0.003125,25,0.036831,4.786723,0.043873,6.427504
0.003125,26,0.035351,4.553559,0.042893,6.278027
0.003125,27,0.033990,4.279248,0.042017,6.178376
0.003125,28,0.032739,4.142093,0.041230,6.028899
0.003125,29,0.031592,3.991222,0.040520,5.829597
0.003125,30,0.030544,3.895213,0.039877,5.680120
0.003125,31,0.029588,3.799205,0.039292,5.630294
0.003125,32,0.028713,3.716911,0.038758,5.630294
0.003125,33,0.027908,3.552325,0.038268,5.530643
0.003125,34,0.027161,3.442600,0.037817,5.530643
0.003125,35,0.026460,3.360307,0.037401,5.580468
0.003125,36,0.025795,3.223152,0.037013,5.630294
0.003125,37,0.025155,3.182005,0.036647,5.630294
0.003125,38,0.024533,3.113427,0.036298,5.680120
0.003125,39,0.023924,3.031134,0.035961,5.580468
0.003125,40,0.023329,2.962557,0.035633,5.480817
0.003125,41,0.022747,2.907694,0.035317,5.231689
0.003125,42,0.022183,2.825401,0.035012,5.181863
0.003125,43,0.021637,2.770539,0.034721,5.032387
0.003125,44,0.021112,2.729392,0.034446,5.082212
0.003125,45,0.020607,2.660815,0.034189,5.082212
0.003125,46,0.020123,2.592237,0.033950,5.032387
0.003125,47,0.019658,2.564806,0.033730,4.882910
0.003125,48,0.019213,2.523659,0.033527,4.932735
0.003125,49,0.018786,2.441366,0.033339,4.982561
0.003125,50,0.018375,2.386504,0.033167,4.882910
0.003125,51,0.017980,2.304211,0.033006,4.833084
0.003125,52,0.017599,2.235633,0.032853,4.882910
0.003125,53,0.017229,2.139624,0.032704,4.833084
0.003125,54,0.016869,2.043615,0.032556,4.833084
0.003125,55,0.016518,2.002469,0.032407,4.882910
0.003125,56,0.016178,1.975038,0.032259,4.833084
0.003125,57,0.015848,1.933891,0.032117,4.833084
0.003125,58,0.015530,1.879029,0.031984,4.833084
0.003125,59,0.015223,1.851598,0.031863,4.882910
0.003125,60,0.014929,1.783020,0.031755,4.882910
0.003125,61,0.014646,1.769305,0.031660,4.833084
0.003125,62,0.014373,1.741874,0.031575,4.882910
0.003125,63,0.014109,1.687011,0.031500,4.882910
0.003125,64,0.013854,1.659580,0.031433,4.882910
0.003125,65,0.013606,1.604718,0.031371,4.882910
0.003125,66,0.013366,1.577287,0.031312,4.882910
0.003125,67,0.013135,1.549856,0.031256,4.882910
0.003125,68,0.012910,1.536140,0.031201,4.833084
0.003125,69,0.012694,1.536140,0.031146,4.683608
0.003125,70,0.012484,1.522425,0.031091,4.733433
0.003125,71,0.012280,1.522425,0.031035,4.783258
0.003125,72,0.012082,1.508709,0.030977,4.833084
0.003125,73,0.011889,1.494994,0.030917,4.882910
0.003125,74,0.011702,1.481278,0.030855,4.882910
0.003125,75,0.011520,1.453847,0.030790,4.833084
0.003125,76,0.011343,1.426416,0.030724,4.833084
0.003125,77,0.011171,1.385270,0.030656,4.833084
0.003125,78,0.011004,1.385270,0.030588,4.783258
0.003125,79,0.010842,1.344123,0.030521,4.882910
0.003125,80,0.010684,1.316692,0.030456,4.833084
0.003125,81,0.010530,1.289261,0.030395,4.783258
0.003125,82,0.010379,1.261830,0.030338,4.733433
0.003125,83,0.010230,1.234399,0.030284,4.733433
0.003125,84,0.010084,1.206967,0.030233,4.783258
0.003125,85,0.009939,1.179536,0.030185,4.783258
0.003125,86,0.009796,1.152105,0.030141,4.783258
0.003125,87,0.009654,1.152105,0.030102,4.783258
0.003125,88,0.009513,1.138390,0.030072,4.783258
0.003125,89,0.009375,1.138390,0.030050,4.833084
0.003125,90,0.009247,1.110959,0.030029,4.833084
0.003125,91,0.009128,1.110959,0.030001,4.833084
0.003125,92,0.009016,1.110959,0.029963,4.833084
0.003125,93,0.008908,1.110959,0.029925,4.783258
0.003125,94,0.008805,1.110959,0.029891,4.783258
0.003125,95,0.008705,1.069812,0.029860,4.733433
0.003125,96,0.008609,1.069812,0.029833,4.683608
0.003125,97,0.008515,1.042381,0.029808,4.683608
0.003125,98,0.008423,1.028665,0.029787,4.633782
0.003125,99,0.008334,1.028665,0.029769,4.534131
0.003125,100,0.008247,1.014950,0.029753,4.534131
0.001563,1,0.359928,88.588669,0.360312,89.088188
0.001563,2,0.359903,88.588669,0.360288,89.088188
0.001563,3,0.359874,88.588669,0.360261,89.088188
0.001563,4,0.359840,88.588669,0.360228,89.088188
0.001563,5,0.359798,88.588669,0.360188,89.088188
0.001563,6,0.359743,88.588669,0.360135,89.088188
0.001563,7,0.359662,88.588669,0.360060,89.088188
0.001563,8,0.359539,88.588669,0.359945,89.088188
0.001563,9,0.359332,88.588669,0.359750,89.088188
0.001563,10,0.358939,88.533806,0.359382,89.038368
0.001563,11,0.358053,87.985184,0.358554,88.440460
0.001563,12,0.355583,86.531342,0.356246,87.045341
0.001563,13,0.347577,83.184746,0.348762,83.208771
0.001563,14,0.335376,77.629951,0.337478,78.973595
0.001563,15,0.328216,75.984093,0.330770,77.977081
0.001563,16,0.321730,72.226028,0.324404,74.638763
0.001563,17,0.306035,64.751060,0.308873,65.371201
0.001563,18,0.275396,56.425732,0.277632,57.199802
0.001563,19,0.238864,45.302429,0.241420,45.590435
0.001563,20,0.201265,30.901112,0.204050,31.390135
0.001563,21,0.170921,23.933617,0.173620,24.763329
0.001563,22,0.146550,19.805239,0.148904,19.481813
0.001563,23,0.126906,16.883829,0.128744,16.841057
0.001563,24,0.111709,14.853930,0.113030,14.698555
0.001563,25,0.099979,13.290358,0.100898,13.502741
0.001563,26,0.090848,12.220546,0.091556,12.107623
0.001563,27,0.083582,11.205596,0.084299,10.911809
0.001563,28,0.077627,10.478672,0.078521,10.064774
0.001563,29,0.072636,9.998629,0.073815,9.965122
0.001563,30,0.068384,9.532300,0.069903,9.417041
0.001563,31,0.064712,8.997394,0.066589,9.018435
0.001563,32,0.061498,8.393910,0.063728,8.619830
0.001563,33,0.058651,7.831573,0.061221,8.221226
0.001563,34,0.056104,7.433823,0.059002,7.972098
0.001563,35,0.053805,7.159512,0.057024,7.822621
0.001563,36,0.051717,6.871485,0.055254,7.722970
0.001563,37,0.049806,6.652037,0.053666,7.573493
0.001563,38,0.048051,6.391441,0.052239,7.324365
0.001563,39,0.046434,6.130846,0.050953,7.424016
0.001563,40,0.044942,5.883966,0.049792,7.274539
0.001563,41,0.043561,5.582225,0.048739,7.125062
0.001563,42,0.042281,5.403923,0.047780,7.025411
0.001563,43,0.041089,5.307914,0.046902,6.875934
0.001563,44,0.039976,5.184474,0.046096,6.726458
0.001563,45,0.038934,5.033603,0.045354,6.726458
0.001563,46,0.037955,4.869017,0.044670,6.726458
0.001563,47,0.037033,4.704430,0.044037,6.676632
0.001563,48,0.036163,4.567275,0.043450,6.676632
0.001563,49,0.035341,4.484982,0.042905,6.576981
0.001563,50,0.034563,4.388973,0.042397,6.278027
0.001563,51,0.033825,4.251817,0.041921,6.128550
0.001563,52,0.033126,4.100946,0.041476,6.078724
0.001563,53,0.032463,4.046084,0.041057,5.979073
0.001563,54,0.031832,3.991222,0.040662,5.979073
0.001563,55,0.031232,3.936360,0.040289,5.979073
0.001563,56,0.030661,3.854067,0.039935,5.979073
0.001563,57,0.030116,3.785489,0.039599,5.929248
0.001563,58,0.029596,3.716911,0.039280,5.829597
0.001563,59,0.029097,3.662049,0.038975,5.829597
0.001563,60,0.028620,3.579756,0.038684,5.729945
0.001563,61,0.028162,3.538609,0.038405,5.680120
0.001563,62,0.027722,3.497463,0.038139,5.680120
0.001563,63,0.027299,3.401454,0.037885,5.580468
0.001563,64,0.026892,3.346592,0.037643,5.580468
0.001563,65,0.026500,3.305445,0.037411,5.530643
0.001563,66,0.026122,3.223152,0.037190,5.480817
0.001563,67,0.025756,3.182005,0.036979,5.430992
0.001563,68,0.025402,3.127143,0.036778,5.381166
0.001563,69,0.025059,3.099712,0.036587,5.331340
0.001563,70,0.024726,3.072281,0.036405,5.231689
0.001563,71,0.024400,3.031134,0.036231,5.231689
0.001563,72,0.024083,3.003703,0.036066,5.331340
0.001563,73,0.023773,2.976272,0.035909,5.331340
0.001563,74,0.023469,2.935126,0.035759,5.281515
0.001563,75,0.023171,2.907694,0.035615,5.281515
0.001563,76,0.022879,2.880263,0.035479,5.231689
0.001563,77,0.022593,2.839117,0.035348,5.181863
0.001563,78,0.022311,2.797970,0.035222,5.181863
0.001563,79,0.022036,2.784255,0.035102,5.181863
0.001563,80,0.021765,2.715677,0.034987,5.181863
0.001563,81,0.021500,2.674530,0.034876,5.181863
0.001563,82,0.021240,2.647099,0.034770,5.132038
0.001563,83,0.020986,2.605953,0.034668,5.132038
0.001563,84,0.020737,2.564806,0.034569,5.082212
0.001563,85,0.020494,2.551090,0.034475,5.132038
0.001563,86,0.020256,2.509944,0.034384,5.132038
0.001563,87,0.020023,2.496228,0.034296,5.082212
0.001563,88,0.019795,2.482513,0.034211,5.132038
0.001563,89,0.019572,2.455082,0.034129,5.181863
0.001563,90,0.019353,2.427650,0.034050,5.231689
0.001563,91,0.019139,2.427650,0.033973,5.231689
0.001563,92,0.018929,2.400219,0.033898,5.181863
0.001563,93,0.018723,2.400219,0.033824,5.132038
0.001563,94,0.018520,2.345357,0.033752,5.132038
0.001563,95,0.018321,2.276780,0.033680,5.181863
0.001563,96,0.018125,2.249348,0.033608,5.181863
0.001563,97,0.017931,2.208202,0.033535,5.181863
0.001563,98,0.017740,2.167055,0.033463,5.231689
0.001563,99,0.017552,2.139624,0.033389,5.331340
0.001563,100,0.017366,2.112193,0.033315,5.281515
0.000781,1,0.359907,88.588669,0.360198,89.088188
0.000781,2,0.359856,88.588669,0.360150,89.088188
0.000781,3,0.359846,88.588669,0.360139,89.088188
0.000781,4,0.359833,88.588669,0.360126,89.088188
0.000781,5,0.359817,88.588669,0.360113,89.088188
0.000781,6,0.359804,88.588669,0.360098,89.088188
0.000781,7,0.359788,88.588669,0.360083,89.088188
0.000781,8,0.359771,88.588669,0.360066,89.088188
0.000781,9,0.359752,88.588669,0.360046,89.088188
0.000781,10,0.359728,88.588669,0.360024,89.088188
0.000781,11,0.359700,88.588669,0.359999,89.088188
0.000781,12,0.359669,88.588669,0.359968,89.088188
0.000781,13,0.359632,88.588669,0.359933,89.088188
0.000781,14,0.359585,88.588669,0.359889,89.088188
0.000781,15,0.359528,88.588669,0.359835,89.088188
0.000781,16,0.359454,88.588669,0.359767,89.088188
0.000781,17,0.359359,88.588669,0.359677,89.088188
0.000781,18,0.359232,88.574959,0.359558,89.088188
0.000781,19,0.359054,88.520096,0.359393,89.038368
0.000781,20,0.358800,88.451515,0.359155,88.789238
0.000781,21,0.358417,88.067482,0.358796,88.639763
0.000781,22,0.357809,87.450279,0.358229,88.290985
0.000781,23,0.356782,86.764503,0.357268,87.344292
0.000781,24,0.354936,85.982719,0.355539,86.198303
0.000781,25,0.351518,84.679741,0.352337,84.952667
0.000781,26,0.345623,83.404198,0.346819,83.358246
0.000781,27,0.338830,80.345634,0.340499,80.019928
0.000781,28,0.333820,76.861885,0.335883,78.176384
0.000781,29,0.329967,76.299545,0.332287,78.026909
0.000781,30,0.326615,74.612534,0.329088,76.781265
0.000781,31,0.323296,71.924294,0.325868,74.389633
0.000781,32,0.319099,69.373199,0.321762,70.802193
0.000781,33,0.312528,66.150047,0.315297,66.865967
0.000781,34,0.302117,62.762310,0.304887,63.378178
0.000781,35,0.288109,59.456863,0.290512,60.438465
0.000781,36,0.272530,55.671375,0.274557,56.601894
0.000781,37,0.255776,50.925800,0.257880,51.320377
0.000781,38,0.237106,44.602936,0.239541,44.942699
0.000781,39,0.217585,36.990810,0.220256,36.870953
0.000781,40,0.199456,30.338774,0.202182,31.041355
0.000781,41,0.183159,26.374983,0.185873,27.105131
0.000781,42,0.168716,23.412426,0.171376,24.763329
0.000781,43,0.155929,21.327663,0.158459,21.923269
0.000781,44,0.144413,19.476067,0.146730,19.581465
0.000781,45,0.134081,17.624468,0.136136,18.634779
0.000781,46,0.124949,16.431217,0.126720,16.890882
0.000781,47,0.116948,15.292827,0.118440,15.545590
0.000781,48,0.109956,14.332739,0.111198,14.399601
0.000781,49,0.103846,13.523522,0.104884,13.602391
0.000781,50,0.098492,12.851460,0.099385,13.153961
0.000781,51,0.093771,12.439995,0.094580,12.456403
0.000781,52,0.089575,11.891373,0.090355,11.758844
0.000781,53,0.085820,11.411329,0.086618,11.210762
0.000781,54,0.082441,11.095872,0.083298,10.762332
0.000781,55,0.079385,10.615828,0.080334,10.463378
0.000781,56,0.076604,10.368948,0.077672,10.064774
0.000781,57,0.074061,10.026059,0.075268,9.765820
0.000781,58,0.071722,9.669456,0.073084,9.516691
0.000781,59,0.069564,9.450006,0.071088,9.417041
0.000781,60,0.067564,9.148265,0.069255,9.167912
0.000781,61,0.065703,8.846523,0.067563,8.918784
0.000781,62,0.063966,8.599644,0.065994,8.769307
0.000781,63,0.062339,8.393910,0.064535,8.619830
0.000781,64,0.060813,8.270471,0.063172,8.221226
0.000781,65,0.059375,8.023591,0.061897,7.972098
0.000781,66,0.058019,7.708133,0.060702,7.772795
0.000781,67,0.056737,7.557262,0.059577,7.623318
0.000781,68,0.055521,7.420107,0.058519,7.623318
0.000781,69,0.054366,7.255520,0.057520,7.673144
0.000781,70,0.053266,7.077219,0.056576,7.673144
0.000781,71,0.052216,6.940063,0.055683,7.623318
0.000781,72,0.051213,6.775476,0.054837,7.623318
0.000781,73,0.050254,6.679468,0.054035,7.523667
0.000781,74,0.049336,6.514881,0.053275,7.424016
0.000781,75,0.048455,6.418872,0.052553,7.374190
0.000781,76,0.047611,6.254286,0.051866,7.424016
0.000781,77,0.046801,6.103415,0.051213,7.274539
0.000781,78,0.046022,5.952544,0.050591,7.174888
0.000781,79,0.045273,5.815389,0.049998,6.875934
0.000781,80,0.044551,5.774242,0.049432,6.875934
0.000781,81,0.043856,5.691949,0.048891,6.826108
0.000781,82,0.043186,5.499931,0.048373,6.826108
0.000781,83,0.042539,5.445069,0.047878,6.776283
0.000781,84,0.041915,5.321630,0.047405,6.726458
0.000781,85,0.041311,5.225621,0.046951,6.776283
0.000781,86,0.040727,5.157043,0.046517,6.726458
0.000781,87,0.040161,5.019887,0.046100,6.726458
0.000781,88,0.039613,4.951310,0.045701,6.626806
0.000781,89,0.039083,4.937594,0.045317,6.527155
0.000781,90,0.038568,4.855301,0.044949,6.477329
0.000781,91,0.038069,4.786723,0.044595,6.477329
0.000781,92,0.037584,4.759292,0.044254,6.477329
0.000781,93,0.037114,4.704430,0.043926,6.527155
0.000781,94,0.036657,4.690714,0.043610,6.527155
0.000781,95,0.036213,4.622137,0.043305,6.427504
0.000781,96,0.035782,4.553559,0.043010,6.327853
0.000781,97,0.035362,4.539844,0.042725,6.327853
0.000781,98,0.034954,4.512413,0.042448,6.228201
0.000781,99,0.034557,4.443835,0.042181,6.178376
0.000781,100,0.034170,4.388973,0.041921,6.178376
0.000391,1,0.361358,88.588669,0.361627,89.088188
0.000391,2,0.359877,88.588669,0.360108,89.088188
0.000391,3,0.359833,88.588669,0.360068,89.088188
0.000391,4,0.359831,88.588669,0.360062,89.088188
0.000391,5,0.359825,88.588669,0.360057,89.088188
0.000391,6,0.359816,88.588669,0.360051,89.088188
0.000391,7,0.359810,88.588669,0.360045,89.088188
0.000391,8,0.359803,88.588669,0.360038,89.088188
0.000391,9,0.359796,88.588669,0.360032,89.088188
0.000391,10,0.359789,88.588669,0.360024,89.088188
0.000391,11,0.359783,88.588669,0.360017,89.088188
0.000391,12,0.359776,88.588669,0.360010,89.088188
0.000391,13,0.359767,88.588669,0.360002,89.088188
0.000391,14,0.359759,88.588669,0.359994,89.088188
0.000391,15,0.359751,88.588669,0.359985,89.088188
0.000391,16,0.359741,88.588669,0.359977,89.088188
0.000391,17,0.359732,88.588669,0.359967,89.088188
0.000391,18,0.359721,88.588669,0.359957,89.088188
0.000391,19,0.359709,88.588669,0.359946,89.088188
0.000391,20,0.359697,88.588669,0.359935,89.088188
0.000391,21,0.359683,88.588669,0.359922,89.088188
0.000391,22,0.359669,88.588669,0.359908,89.088188
0.000391,23,0.359654,88.588669,0.359894,89.088188
0.000391,24,0.359638,88.588669,0.359878,89.088188
0.000391,25,0.359619,88.588669,0.359861,89.088188
0.000391,26,0.359599,88.588669,0.359841,89.088188
0.000391,27,0.359576,88.588669,0.359820,89.088188
0.000391,28,0.359551,88.588669,0.359796,89.088188
0.000391,29,0.359524,88.588669,0.359771,89.088188
0.000391,30,0.359493,88.588669,0.359741,89.088188
0.000391,31,0.359457,88.588669,0.359708,89.088188
0.000391,32,0.359417,88.588669,0.359671,89.088188
0.000391,33,0.359372,88.588669,0.359628,89.088188
0.000391,34,0.359321,88.588669,0.359579,89.088188
0.000391,35,0.359259,88.574959,0.359521,89.088188
0.000391,36,0.359189,88.547523,0.359455,89.088188
0.000391,37,0.359106,88.520096,0.359376,89.038368
0.000391,38,0.359007,88.506378,0.359284,88.938713
0.000391,39,0.358888,88.437798,0.359172,88.789238
0.000391,40,0.358744,88.259499,0.359036,88.789238
0.000391,41,0.358567,88.053764,0.358870,88.639763
0.000391,42,0.358346,87.806885,0.358663,88.340805
0.000391,43,0.358069,87.436569,0.358402,88.241158
0.000391,44,0.357714,87.189690,0.358069,87.892380
0.000391,45,0.357250,86.791939,0.357634,87.344292
0.000391,46,0.356637,86.545059,0.357059,87.045341
0.000391,47,0.355812,86.147308,0.356285,86.447433
0.000391,48,0.354689,85.612396,0.355234,85.949181
0.000391,49,0.353156,85.077492,0.353795,85.351273
0.000391,50,0.351065,84.487724,0.351831,84.653709
0.000391,51,0.348288,83.897957,0.349226,84.055801
0.000391,52,0.344901,83.308189,0.346049,83.258598
0.000391,53,0.341332,81.799477,0.342714,81.714005
0.000391,54,0.338117,80.016457,0.339729,79.770805
0.000391,55,0.335436,78.521461,0.337250,78.325859
0.000391,56,0.333157,76.930466,0.335146,77.478821
0.000391,57,0.331128,75.723495,0.333259,76.880920
0.000391,58,0.329253,75.435471,0.331496,77.080215
0.000391,59,0.327475,74.502815,0.329810,76.631790
0.000391,60,0.325755,72.898094,0.328164,75.336327
0.000391,61,0.324031,71.156219,0.326504,73.492775
0.000391,62,0.322220,69.441780,0.324747,71.748878
0.000391,63,0.320191,67.891922,0.322771,69.357246
0.000391,64,0.317776,66.561516,0.320409,67.463875
0.000391,65,0.314758,65.217392,0.317443,66.367714
0.000391,66,0.310900,64.216156,0.313630,65.221725
0.000391,67,0.306031,63.256069,0.308774,63.477829
0.000391,68,0.300134,61.953094,0.302814,62.580967
0.000391,69,0.293361,60.334660,0.295867,61.036373
0.000391,70,0.286016,59.017967,0.288272,60.189339
0.000391,71,0.278485,57.221233,0.280511,58.096661
0.000391,72,0.270892,55.232479,0.272785,56.452415
0.000391,73,0.262990,52.941982,0.264884,53.512707
0.000391,74,0.254523,50.294884,0.256533,50.772297
0.000391,75,0.245504,47.428337,0.247691,47.633282
0.000391,76,0.236006,44.136608,0.238386,44.743397
0.000391,77,0.226251,40.515705,0.228793,41.006477
0.000391,78,0.216585,36.606777,0.219234,36.621822
0.000391,79,0.207265,32.917294,0.209975,33.582462
0.000391,80,0.198382,30.009602,0.201124,30.742401
0.000391,81,0.189947,27.856260,0.192705,28.799202
0.000391,82,0.181985,26.237827,0.184747,27.005482
0.000391,83,0.174528,24.468523,0.177277,25.809666
0.000391,84,0.167563,23.151831,0.170280,24.564026
0.000391,85,0.161030,22.136881,0.163691,23.318386
0.000391,86,0.154857,21.204224,0.157436,21.823618
0.000391,87,0.148995,20.202990,0.151470,20.727453
0.000391,88,0.143428,19.270332,0.145778,19.531639
0.000391,89,0.138155,18.543409,0.140368,18.983557
0.000391,90,0.133183,17.706762,0.135247,18.335825
0.000391,91,0.128510,16.938692,0.130422,17.438963
0.000391,92,0.124132,16.211767,0.125889,16.841057
0.000391,93,0.120037,15.635715,0.121641,16.193323
0.000391,94,0.116211,15.087093,0.117666,15.246636
0.000391,95,0.112638,14.579618,0.113952,14.698555
0.000391,96,0.109299,14.181868,0.110484,14.150474
0.000391,97,0.106178,13.866410,0.107249,13.851520
0.000391,98,0.103259,13.578384,0.104230,13.602391
0.000391,99,0.100526,13.208065,0.101414,13.303438
0.000391,100,0.097964,12.837745,0.098786,13.004484
0.000195,1,0.381456,88.588669,0.381923,89.088188
0.000195,2,0.361346,88.588669,0.361577,89.088188
0.000195,3,0.360053,88.588669,0.360253,89.088188
0.000195,4,0.359871,88.588669,0.360069,89.088188
0.000195,5,0.359833,88.588669,0.360036,89.088188
0.000195,6,0.359824,88.588669,0.360029,89.088188
0.000195,7,0.359823,88.588669,0.360025,89.088188
0.000195,8,0.359820,88.588669,0.360022,89.088188
0.000195,9,0.359820,88.588669,0.360020,89.088188
0.000195,10,0.359818,88.588669,0.360017,89.088188
0.000195,11,0.359814,88.588669,0.360014,89.088188
0.000195,12,0.359810,88.588669,0.360011,89.088188
0.000195,13,0.359806,88.588669,0.360008,89.088188
0.000195,14,0.359803,88.588669,0.360004,89.088188
0.000195,15,0.359799,88.588669,0.360001,89.088188
0.000195,16,0.359796,88.588669,0.359998,89.088188
0.000195,17,0.359793,88.588669,0.359994,89.088188
0.000195,18,0.359790,88.588669,0.359991,89.088188
0.000195,19,0.359786,88.588669,0.359988,89.088188
0.000195,20,0.359782,88.588669,0.359984,89.088188
0.000195,21,0.359778,88.588669,0.359980,89.088188
0.000195,22,0.359775,88.588669,0.359977,89.088188
0.000195,23,0.359771,88.588669,0.359973,89.088188
0.000195,24,0.359767,88.588669,0.359970,89.088188
0.000195,25,0.359763,88.588669,0.359965,89.088188
0.000195,26,0.359759,88.588669,0.359961,89.088188
0.000195,27,0.359755,88.588669,0.359957,89.088188
0.000195,28,0.359750,88.588669,0.359953,89.088188
0.000195,29,0.359745,88.588669,0.359949,89.088188
0.000195,30,0.359741,88.588669,0.359945,89.088188
0.000195,31,0.359736,88.588669,0.359940,89.088188
0.000195,32,0.359732,88.588669,0.359936,89.088188
0.000195,33,0.359726,88.588669,0.359931,89.088188
0.000195,34,0.359721,88.588669,0.359926,89.088188
0.000195,35,0.359715,88.588669,0.359921,89.088188
0.000195,36,0.359710,88.588669,0.359916,89.088188
0.000195,37,0.359705,88.588669,0.359911,89.088188
0.000195,38,0.359699,88.588669,0.359905,89.088188
0.000195,39,0.359692,88.588669,0.359899,89.088188
0.000195,40,0.359686,88.588669,0.359893,89.088188
0.000195,41,0.359680,88.588669,0.359887,89.088188
0.000195,42,0.359672,88.588669,0.359881,89.088188
0.000195,43,0.359665,88.588669,0.359874,89.088188
0.000195,44,0.359658,88.588669,0.359867,89.088188
0.000195,45,0.359651,88.588669,0.359860,89.088188
0.000195,46,0.359643,88.588669,0.359852,89.088188
0.000195,47,0.359634,88.588669,0.359844,89.088188
0.000195,48,0.359626,88.588669,0.359835,89.088188
0.000195,49,0.359617,88.588669,0.359827,89.088188
0.000195,50,0.359607,88.588669,0.359818,89.088188
0.000195,51,0.359597,88.588669,0.359809,89.088188
0.000195,52,0.359587,88.588669,0.359798,89.088188
0.000195,53,0.359577,88.588669,0.359788,89.088188
0.000195,54,0.359564,88.588669,0.359777,89.088188
0.000195,55,0.359552,88.588669,0.359766,89.088188
0.000195,56,0.359538,88.588669,0.359753,89.088188
0.000195,57,0.359525,88.588669,0.359741,89.088188
0.000195,58,0.359511,88.588669,0.359726,89.088188
0.000195,59,0.359495,88.588669,0.359712,89.088188
0.000195,60,0.359479,88.588669,0.359696,89.088188
0.000195,61,0.359462,88.588669,0.359680,89.088188
0.000195,62,0.359443,88.588669,0.359663,89.088188
0.000195,63,0.359423,88.588669,0.359644,89.088188
0.000195,64,0.359403,88.588669,0.359625,89.088188
0.000195,65,0.359381,88.588669,0.359604,89.088188
0.000195,66,0.359357,88.588669,0.359581,89.088188
0.000195,67,0.359332,88.588669,0.359557,89.088188
0.000195,68,0.359304,88.588669,0.359531,89.088188
0.000195,69,0.359275,88.574959,0.359502,89.088188
0.000195,70,0.359242,88.561241,0.359472,89.088188
0.000195,71,0.359208,88.547523,0.359439,89.088188
0.000195,72,0.359170,88.547523,0.359404,89.088188
0.000195,73,0.359129,88.520096,0.359365,89.038368
0.000195,74,0.359085,88.520096,0.359324,88.988541
0.000195,75,0.359037,88.506378,0.359278,88.988541
0.000195,76,0.358984,88.492661,0.359228,88.839066
0.000195,77,0.358927,88.451515,0.359173,88.789238
0.000195,78,0.358864,88.328079,0.359113,88.789238
0.000195,79,0.358793,88.273216,0.359047,88.789238
0.000195,80,0.358715,88.204636,0.358974,88.739410
0.000195,81,0.358629,88.053764,0.358893,88.639763
0.000195,82,0.358534,87.930328,0.358803,88.440460
0.000195,83,0.358428,87.820602,0.358702,88.390633
0.000195,84,0.358308,87.656013,0.358590,88.340805
0.000195,85,0.358174,87.450279,0.358464,88.191330
0.000195,86,0.358022,87.340553,0.358321,88.041855
0.000195,87,0.357852,87.175972,0.358160,87.892380
0.000195,88,0.357657,86.915375,0.357977,87.593422
0.000195,89,0.357435,86.778221,0.357767,87.344292
0.000195,90,0.357181,86.654778,0.357526,87.144989
0.000195,91,0.356886,86.517624,0.357250,86.945686
0.000195,92,0.356545,86.311890,0.356929,86.596909
0.000195,93,0.356151,86.078728,0.356556,86.397606
0.000195,94,0.355689,85.900429,0.356123,86.098656
0.000195,95,0.355150,85.584969,0.355615,85.849525
0.000195,96,0.354520,85.324371,0.355022,85.650223
0.000195,97,0.353778,85.091209,0.354327,85.301445
0.000195,98,0.352915,84.748322,0.353514,84.952667
0.000195,99,0.351905,84.515152,0.352566,84.803192
0.000195,100,0.350731,84.309425,0.351463,84.454407
0.000098,1,0.567848,90.056236,0.568902,90.582962
0.000098,2,0.381402,88.588669,0.381838,89.088188
0.000098,3,0.364667,88.588669,0.364928,89.088188
0.000098,4,0.361344,88.588669,0.361555,89.088188
0.000098,5,0.360388,88.588669,0.360576,89.088188
0.000098,6,0.360050,88.588669,0.360236,89.088188
0.000098,7,0.359922,88.588669,0.360105,89.088188
0.000098,8,0.359872,88.588669,0.360051,89.088188
0.000098,9,0.359855,88.588669,0.360028,89.088188
0.000098,10,0.359835,88.588669,0.360019,89.088188
0.000098,11,0.359830,88.588669,0.360014,89.088188
0.000098,12,0.359823,88.588669,0.360011,89.088188
0.000098,13,0.359827,88.588669,0.360009,89.088188
0.000098,14,0.359822,88.588669,0.360008,89.088188
0.000098,15,0.359818,88.588669,0.360006,89.088188
0.000098,16,0.359816,88.588669,0.360005,89.088188
0.000098,17,0.359816,88.588669,0.360003,89.088188
0.000098,18,0.359816,88.588669,0.360002,89.088188
0.000098,19,0.359815,88.588669,0.360001,89.088188
0.000098,20,0.359813,88.588669,0.360000,89.088188
0.000098,21,0.359811,88.588669,0.359998,89.088188
0.000098,22,0.359809,88.588669,0.359996,89.088188
0.000098,23,0.359808,88.588669,0.359995,89.088188
0.000098,24,0.359806,88.588669,0.359993,89.088188
0.000098,25,0.359804,88.588669,0.359992,89.088188
0.000098,26,0.359802,88.588669,0.359990,89.088188
0.000098,27,0.359800,88.588669,0.359988,89.088188
0.000098,28,0.359798,88.588669,0.359987,89.088188
0.000098,29,0.359797,88.588669,0.359985,89.088188
0.000098,30,0.359795,88.588669,0.359984,89.088188
0.000098,31,0.359793,88.588669,0.359982,89.088188
0.000098,32,0.359792,88.588669,0.359980,89.088188
0.000098,33,0.359791,88.588669,0.359978,89.088188
0.000098,34,0.359789,88.588669,0.359977,89.088188
0.000098,35,0.359787,88.588669,0.359975,89.088188
0.000098,36,0.359785,88.588669,0.359973,89.088188
0.000098,37,0.359783,88.588669,0.359972,89.088188
0.000098,38,0.359781,88.588669,0.359970,89.088188
0.000098,39,0.359779,88.588669,0.359968,89.088188
0.000098,40,0.359778,88.588669,0.359966,89.088188
0.000098,41,0.359776,88.588669,0.359965,89.088188
0.000098,42,0.359774,88.588669,0.359963,89.088188
0.000098,43,0.359772,88.588669,0.359961,89.088188
0.000098,44,0.359771,88.588669,0.359959,89.088188
0.000098,45,0.359769,88.588669,0.359957,89.088188
0.000098,46,0.359767,88.588669,0.359955,89.088188
0.000098,47,0.359765,88.588669,0.359953,89.088188
0.000098,48,0.359763,88.588669,0.359951,89.088188
0.000098,49,0.359761,88.588669,0.359949,89.088188
0.000098,50,0.359759,88.588669,0.359948,89.088188
0.000098,51,0.359757,88.588669,0.359946,89.088188
0.000098,52,0.359755,88.588669,0.359944,89.088188
0.000098,53,0.359753,88.588669,0.359942,89.088188
0.000098,54,0.359750,88.588669,0.359939,89.088188
0.000098,55,0.359748,88.588669,0.359937,89.088188
0.000098,56,0.359746,88.588669,0.359935,89.088188
0.000098,57,0.359744,88.588669,0.359933,89.088188
0.000098,58,0.359742,88.588669,0.359931,89.088188
0.000098,59,0.359739,88.588669,0.359929,89.088188
0.000098,60,0.359737,88.588669,0.359927,89.088188
0.000098,61,0.359735,88.588669,0.359924,89.088188
0.000098,62,0.359733,88.588669,0.359922,89.088188
0.000098,63,0.359731,88.588669,0.359920,89.088188
0.000098,64,0.359728,88.588669,0.359918,89.088188
0.000098,65,0.359726,88.588669,0.359916,89.088188
0.000098,66,0.359723,88.588669,0.359913,89.088188
0.000098,67,0.359720,88.588669,0.359911,89.088188
0.000098,68,0.359718,88.588669,0.359908,89.088188
0.000098,69,0.359715,88.588669,0.359906,89.088188
0.000098,70,0.359712,88.588669,0.359903,89.088188
0.000098,71,0.359710,88.588669,0.359900,89.088188
0.000098,72,0.359707,88.588669,0.359898,89.088188
0.000098,73,0.359705,88.588669,0.359895,89.088188
0.000098,74,0.359702,88.588669,0.359892,89.088188
0.000098,75,0.359699,88.588669,0.359890,89.088188
0.000098,76,0.359696,88.588669,0.359886,89.088188
0.000098,77,0.359693,88.588669,0.359883,89.088188
0.000098,78,0.359690,88.588669,0.359881,89.088188
0.000098,79,0.359686,88.588669,0.359878,89.088188
0.000098,80,0.359683,88.588669,0.359875,89.088188
0.000098,81,0.359680,88.588669,0.359872,89.088188
0.000098,82,0.359677,88.588669,0.359869,89.088188
0.000098,83,0.359673,88.588669,0.359865,89.088188
0.000098,84,0.359670,88.588669,0.359862,89.088188
0.000098,85,0.359666,88.588669,0.359859,89.088188
0.000098,86,0.359663,88.588669,0.359856,89.088188
0.000098,87,0.359659,88.588669,0.359852,89.088188
0.000098,88,0.359655,88.588669,0.359848,89.088188
0.000098,89,0.359651,88.588669,0.359845,89.088188
0.000098,90,0.359648,88.588669,0.359841,89.088188
0.000098,91,0.359644,88.588669,0.359837,89.088188
0.000098,92,0.359639,88.588669,0.359834,89.088188
0.000098,93,0.359635,88.588669,0.359830,89.088188
0.000098,94,0.359631,88.588669,0.359826,89.088188
0.000098,95,0.359626,88.588669,0.359821,89.088188
0.000098,96,0.359622,88.588669,0.359817,89.088188
0.000098,97,0.359618,88.588669,0.359813,89.088188
0.000098,98,0.359613,88.588669,0.359808,89.088188
0.000098,99,0.359608,88.588669,0.359804,89.088188
0.000098,100,0.359603,88.588669,0.359799,89.088188
